,0
democracy,21
technology,21
open data,19
journalism,17
civic tech,13
service design,12
education,12
publishing,11
government,11
open government,10
progressive,9
unions,9
future of work,9
co-ops,9
activism,8
academia,7
local government,7
third sector,6
transparency,6
continuing professional development,5
data science,4
digital democracy,4
data visualisation,4
health,4
public engagement,4
ai,3
politics,3
diversity,3
civic technology,3
economics,3
wikimedia,3
open source,3
intermediate technology,3
refugees,3
surveillance,3
local democracy,2
development,2
futurist,2
science,2
creative technology,2
online security,2
social entrepreneurs,2
internationalism,2
privacy,2
campaigning,2
futurism,2
inclusion,2
elections,2
society,1
web design,1
relief work,1
debt resisitance,1
data/hacking,1
data privacy,1
corporate data,1
community engagement,1
data collection/interpretation,1
localism,1
startups,1
mobile,1
apps & tools,1
crypto education,1
community org,1
civil society,1
community organising,1
media activism,1
electronic democracy,1
open charity,1
engineering,1
corporates,1
trade union,1
art,1
digital urban planning,1
charities,1
games,1
mobile technology,1
globalism,1
community,1
internatlonalism,1
learn to code,1
medtech,1
uk parliament,1
announcments,1
news,1
accountability,1
open society,1
open technology,1
open access,1
community activism,1
media,1
d3.js,1
coding for research,1
foi,1
social entrepreneur,1
investigation,1
data security,1
social justice,1
economy,1
sustainability,1
data journalism,1
data technology,1
research,1
innovation,1
parliamentary processes,1
local representation,1
social enterprise,1
hackathons,1
newpolitics,1
